Rank,Player,Nation,Position,Squad,Age,Year of Birth,Matches Played,Starts,Minutes,Minutes Played Divided By 90,Goals,Assists,Goals and Assists,Non-penalty Goals,Penalty Kicks Made,Penalty Kicks Attempted,Yellow Cards,Red Cards,Goals per 90,Assists per 90,Goals and Assists per 90,Non-penalty Goals per 90,Goals and Assists minus Penalty Kicks per 90
1,Sahal Abdul Samad,inIND,MF,Mohun Bagan,27.0,1997.0,17,8,680,7.6,0,1,1,0,0,0,2,0,0.0,0.13,0.13,0.0,0.13
2,Ayush Adhikari,inIND,MF,Hyderabad FC,24.0,2000.0,20,8,807,9.0,0,0,0,0,0,0,2,0,0.0,0.0,0.0,0.0,0.0
3,Joseph Adjei,ghGHA,DF,Mohammedan,28.0,1995.0,6,5,432,4.8,0,0,0,0,0,0,3,0,0.0,0.0,0.0,0.0,0.0
4,Mohammed Aimen,inIND,MF,Kerala Blasters,21.0,2003.0,10,5,396,4.4,0,3,3,0,0,0,1,0,0.0,0.68,0.68,0.0,0.68
5,Alaeddine Ajaraie,maMAR,"FW,MF",NorthEast Utd,31.0,1993.0,24,23,2055,22.8,23,7,30,21,2,4,2,0,1.01,0.31,1.31,0.92,1.23
6,Asheer Akhtar,inIND,DF,NorthEast Utd,29.0,1994.0,21,21,1881,20.9,1,0,1,1,0,0,4,1,0.05,0.0,0.05,0.05,0.05
7,Andrei Alba,brBRA,MF,Hyderabad FC,29.0,1995.0,20,20,1716,19.1,3,1,4,2,1,2,3,0,0.16,0.05,0.21,0.1,0.16
8,Alberto,esESP,DF,Mohun Bagan,31.0,1992.0,19,19,1700,18.9,5,1,6,5,0,0,6,0,0.26,0.05,0.32,0.26,0.32
9,Néstor Albiach,esESP,"MF,FW",NorthEast Utd,31.0,1992.0,24,16,1411,15.7,6,1,7,6,0,0,1,0,0.38,0.06,0.45,0.38,0.45
10,Tom Aldred,sctSCO,DF,Mohun Bagan,33.0,1990.0,23,22,1965,21.8,2,1,3,2,0,0,5,0,0.09,0.05,0.14,0.09,0.14
11,Anwar Ali,inIND,"DF,MF",East Bengal,23.0,2000.0,18,17,1488,16.5,0,0,0,0,0,0,1,0,0.0,0.0,0.0,0.0,0.0
12,Mohammed Ali Bemammer,maMAR,MF,NorthEast Utd,34.0,1989.0,21,20,1735,19.3,3,1,4,3,0,0,9,1,0.16,0.05,0.21,0.16,0.21
13,Samad Ali Mallick,inIND,DF,Mohammedan,29.0,1994.0,6,2,255,2.8,0,0,0,0,0,0,3,0,0.0,0.0,0.0,0.0,0.0
14,Rahim Ali,inIND,"DF,MF",Odisha,24.0,2000.0,22,12,1253,13.9,2,0,2,2,0,0,2,0,0.14,0.0,0.14,0.14,0.14
15,CK Aman,inIND,FW,East Bengal,21.0,2003.0,5,0,60,0.7,0,0,0,0,0,0,1,0,0.0,0.0,0.0,0.0,0.0
16,Marc Andre Schmerböck,atAUT,"MF,FW",Mohammedan,30.0,1994.0,6,2,211,2.3,1,0,1,1,0,0,0,0,0.43,0.0,0.43,0.43,0.43
17,Wahengbam Angousana Luwang,inIND,MF,Mohammedan,28.0,1996.0,9,2,190,2.1,0,0,0,0,0,0,1,0,0.0,0.0,0.0,0.0,0.0
18,Aniket Anil Jadhav,inIND,MF,Jamshedpur,24.0,2000.0,7,1,217,2.4,0,0,0,0,0,0,1,0,0.0,0.0,0.0,0.0,0.0
19,Lalengmawia Apuia,inIND,MF,Mohun Bagan,23.0,2000.0,20,20,1760,19.6,0,0,0,0,0,0,7,0,0.0,0.0,0.0,0.0,0.0
20,Mohammed Arshaf,inIND,MF,NorthEast Utd,20.0,2004.0,1,0,4,0.0,0,0,0,0,0,0,0,0,0.0,0.0,0.0,0.0,0.0
21,Melroy Assisi,inIND,DF,Punjab,25.0,1998.0,8,5,388,4.3,0,0,0,0,0,0,0,0,0.0,0.0,0.0,0.0,0.0
22,Leon Augustine,inIND,"DF,MF",Punjab,25.0,1998.0,20,9,1024,11.4,1,0,1,1,0,0,4,0,0.09,0.0,0.09,0.09,0.09
23,Mohammed Azhar,inIND,MF,Kerala Blasters,21.0,2003.0,6,1,102,1.1,0,0,0,0,0,0,2,0,0.0,0.0,0.0,0.0,0.0
24,Mushaga Bakenga,noNOR,FW,Punjab,31.0,1992.0,10,3,374,4.2,1,1,2,1,0,0,1,0,0.24,0.24,0.48,0.24,0.48
25,Sayan Banerjee,inIND,MF,East Bengal,21.0,2003.0,8,0,70,0.8,0,0,0,0,0,0,1,0,0.0,0.0,0.0,0.0,0.0
26,Nikhil Barla,inIND,"DF,MF",Jamshedpur,20.0,2003.0,19,11,1112,12.4,1,1,2,1,0,0,1,0,0.08,0.08,0.16,0.08,0.16
27,Vincy Barretto,inIND,MF,Chennaiyin,24.0,1999.0,15,4,430,4.8,1,0,1,1,0,0,1,0,0.21,0.0,0.21,0.21,0.21
28,Saurabh Bhanwala,inIND,DF,Mohun Bagan,24.0,1999.0,3,1,66,0.7,0,0,0,0,0,0,0,0,0.0,0.0,0.0,0.0,0.0
29,Suhail Bhat,inIND,FW,Mohun Bagan,19.0,2005.0,11,1,131,1.5,0,0,0,0,0,0,2,0,0.0,0.0,0.0,0.0,0.0
30,Hardik Bhatt,inIND,DF,Mumbai City,27.0,1997.0,1,1,90,1.0,0,0,0,0,0,0,0,0,0.0,0.0,0.0,0.0,0.0
31,Rahul Bheke,inIND,DF,Bengaluru,33.0,1990.0,21,21,1890,21.0,3,0,3,3,0,0,7,0,0.14,0.0,0.14,0.14,0.14
32,Namgyal Bhutia,inIND,DF,Bengaluru,24.0,1999.0,5,3,286,3.2,0,0,0,0,0,0,1,0,0.0,0.0,0.0,0.0,0.0
33,Sagolsem Bikash Singh,inIND,"FW,MF",Mohammedan,23.0,2001.0,21,10,998,11.1,0,0,0,0,0,0,2,0,0.0,0.0,0.0,0.0,0.0
34,Dippendu Biswas,inIND,DF,Mohun Bagan,21.0,2003.0,14,11,956,10.6,1,2,3,1,0,0,2,0,0.09,0.19,0.28,0.09,0.28
35,Gaurav Bora,inIND,DF,Mohammedan,26.0,1998.0,15,12,1064,11.8,0,0,0,0,0,0,1,0,0.0,0.0,0.0,0.0,0.0
36,Rowllin Borges,inIND,MF,Goa,32.0,1992.0,12,8,636,7.1,0,1,1,0,0,0,0,0,0.0,0.14,0.14,0.0,0.14
37,Subashish Bose,inIND,DF,Mohun Bagan,28.0,1995.0,22,22,1952,21.7,6,1,7,6,0,0,7,0,0.28,0.05,0.32,0.28,0.32
38,Hugo Boumous,frFRA,MF,Odisha,29.0,1995.0,21,20,1740,19.3,6,7,13,6,0,0,6,0,0.31,0.36,0.67,0.31,0.67
39,Lukas Brambilla,brBRA,"MF,FW",Chennaiyin,29.0,1995.0,21,13,1228,13.6,4,4,8,3,1,1,2,0,0.29,0.29,0.59,0.22,0.51
40,Pedro Capó,esESP,MF,Bengaluru,33.0,1990.0,20,18,1590,17.7,0,0,0,0,0,0,0,0,0.0,0.0,0.0,0.0,0.0
41,Richard Celis,veVEN,"MF,FW",East Bengal,28.0,1996.0,6,4,416,4.6,0,0,0,0,0,0,3,0,0.0,0.0,0.0,0.0,0.0
42,Souvik Chakrabarti,inIND,MF,East Bengal,37.0,1987.0,20,18,1556,17.3,0,0,0,0,0,0,6,1,0.0,0.0,0.0,0.0,0.0
43,Fredy Chawngthansanga,inIND,FW,NorthEast Utd,21.0,2003.0,1,0,14,0.2,0,0,0,0,0,0,0,0,0.0,0.0,0.0,0.0,0.0
44,Lalhriatpuia Chawngthu,inIND,MF,Jamshedpur,19.0,2005.0,1,0,37,0.4,0,0,0,0,0,0,0,0,0.0,0.0,0.0,0.0,0.0
45,Padam Chettri,inIND,GK,Mohammedan,27.0,1997.0,17,17,1530,17.0,0,0,0,0,0,0,0,0,0.0,0.0,0.0,0.0,0.0
46,Lallianzuala Chhangte,inIND,"FW,MF",Mumbai City,26.0,1997.0,23,23,2008,22.3,6,3,9,4,2,2,2,0,0.27,0.13,0.4,0.18,0.31
47,Ayush Chhetri,inIND,MF,Goa,21.0,2003.0,21,14,1195,13.3,1,2,3,1,0,0,3,0,0.08,0.15,0.23,0.08,0.23
48,Sunil Chhetri,inIND,FW,Bengaluru,39.0,1984.0,23,17,1648,18.3,11,2,13,7,4,5,0,0,0.6,0.11,0.71,0.38,0.49
49,Ayush Chhikara,inIND,FW,Mumbai City,22.0,2002.0,7,1,132,1.5,0,0,0,0,0,0,1,0,0.0,0.0,0.0,0.0,0.0
50,Daniel Chima Chukwu,ngNGA,FW,Chennaiyin,33.0,1991.0,22,7,782,8.7,6,1,7,6,0,0,2,0,0.69,0.12,0.81,0.69,0.81
51,Makan Chote,inIND,"FW,MF",Mohammedan,24.0,2000.0,19,7,602,6.7,1,1,2,1,0,0,0,0,0.15,0.15,0.3,0.15,0.3
52,Farukh Choudhary,inIND,MF,Chennaiyin,27.0,1996.0,20,13,1115,12.4,2,1,3,2,0,0,1,0,0.16,0.08,0.24,0.16,0.24
53,Pratik Chowdhary,inIND,DF,Jamshedpur,34.0,1989.0,21,21,1869,20.8,2,0,2,2,0,0,6,0,0.1,0.0,0.1,0.1,0.1
54,Lazar Ćirković,rsSRB,"DF,MF",Jamshedpur,31.0,1992.0,19,10,915,10.2,1,0,1,1,0,0,2,0,0.1,0.0,0.1,0.1,0.1
55,Alexandre Coeff,frFRA,"MF,DF",Kerala Blasters,32.0,1992.0,13,10,748,8.3,1,0,1,1,0,0,2,0,0.12,0.0,0.12,0.12,0.12
56,Liston Colaco,inIND,MF,Mohun Bagan,25.0,1998.0,24,21,1870,20.8,4,1,5,4,0,0,1,0,0.19,0.05,0.24,0.19,0.24
57,Edmilson Correia,gwGNB,"MF,FW",Hyderabad FC,24.0,2000.0,16,9,882,9.8,2,1,3,2,0,0,3,0,0.2,0.1,0.31,0.2,0.31
58,Saúl Crespo,esESP,MF,East Bengal,28.0,1996.0,13,12,1046,11.6,1,2,3,1,0,1,4,0,0.09,0.17,0.26,0.09,0.26
59,Jason Cummings,auAUS,"FW,MF",Mohun Bagan,28.0,1995.0,22,8,808,9.0,4,6,10,4,0,0,4,0,0.45,0.67,1.11,0.45,1.11
60,Leander D'Cunha,inIND,DF,Hyderabad FC,26.0,1997.0,10,4,361,4.0,0,0,0,0,0,0,2,1,0.0,0.0,0.0,0.0,0.0
61,Vignesh Dakshina Murthy,inIND,DF,Chennaiyin,26.0,1998.0,9,6,507,5.6,0,0,0,0,0,0,1,0,0.0,0.0,0.0,0.0,0.0
62,Rohit Danu,inIND,"MF,FW",Bengaluru,22.0,2002.0,5,2,207,2.3,0,0,0,0,0,0,1,0,0.0,0.0,0.0,0.0,0.0
63,Nitesh Darjee,inIND,DF,Punjab,20.0,2004.0,3,0,9,0.1,0,0,0,0,0,0,0,0,0.0,0.0,0.0,0.0,0.0
64,Prabir Das,inIND,"DF,MF",Mumbai City,30.0,1993.0,5,0,63,0.7,0,0,0,0,0,0,1,0,0.0,0.0,0.0,0.0,0.0
65,Prabir Das,inIND,"DF,MF",Kerala Blasters,30.0,1993.0,1,0,14,0.2,0,0,0,0,0,0,0,0,0.0,0.0,0.0,0.0,0.0
66,Ritwik Das,inIND,MF,Jamshedpur,27.0,1996.0,9,3,252,2.8,1,0,1,1,0,0,0,0,0.36,0.0,0.36,0.36,0.36
67,Sourav Das,inIND,MF,Jamshedpur,28.0,1996.0,19,19,1264,14.0,0,0,0,0,0,0,4,0,0.0,0.0,0.0,0.0,0.0
68,Supratim Das,inIND,MF,Mumbai City,19.0,2005.0,1,0,1,0.0,0,0,0,0,0,0,0,0,0.0,0.0,0.0,0.0,0.0
69,Tanmay Das,inIND,MF,East Bengal,23.0,2001.0,1,1,83,0.9,0,0,0,0,0,0,2,1,0.0,0.0,0.0,0.0,0.0
70,Carlos Delgado,esESP,DF,Odisha,34.0,1990.0,18,10,883,9.8,0,0,0,0,0,0,2,1,0.0,0.0,0.0,0.0,0.0
71,Israfil Dewan,inIND,FW,Mohammedan,23.0,2001.0,1,0,1,0.0,0,0,0,0,0,0,0,0,0.0,0.0,0.0,0.0,0.0
72,Suman Dey,inIND,DF,East Bengal,21.0,2003.0,1,1,90,1.0,0,0,0,0,0,0,1,0,0.0,0.0,0.0,0.0,0.0
73,Abhishek Dhananjay,inIND,MF,Mohun Bagan,23.0,2001.0,11,4,414,4.6,0,1,1,0,0,0,4,0,0.0,0.22,0.22,0.0,0.22
74,Dimitris Diamantakos,grGRE,FW,East Bengal,31.0,1993.0,19,18,1441,16.0,4,1,5,3,1,1,2,1,0.25,0.06,0.31,0.19,0.25
75,Soraisham Dinesh Singh,inIND,DF,NorthEast Utd,26.0,1997.0,15,13,1111,12.3,0,1,1,0,0,0,8,1,0.0,0.08,0.08,0.0,0.08
76,Aibanbha Dohling,inIND,DF,Kerala Blasters,28.0,1996.0,12,7,590,6.6,0,0,0,0,0,0,1,2,0.0,0.0,0.0,0.0,0.0
77,Dorielton,brBRA,FW,Odisha,34.0,1990.0,10,5,526,5.8,3,1,4,3,0,0,2,0,0.51,0.17,0.68,0.51,0.68
78,Seiminlen Doungel,inIND,MF,Jamshedpur,30.0,1994.0,18,1,453,5.0,0,2,2,0,0,0,2,0,0.0,0.4,0.4,0.0,0.4
79,Dejan Dražić,rsSRB,"MF,FW",Goa,28.0,1995.0,21,13,1151,12.8,1,3,4,1,0,0,1,0,0.08,0.23,0.31,0.08,0.31
80,Miloš Drinčić,meMNE,DF,Kerala Blasters,25.0,1999.0,21,19,1642,18.2,1,0,1,1,0,0,3,1,0.05,0.0,0.05,0.05,0.05
81,Ryan Edwards,engENG,DF,Chennaiyin,30.0,1993.0,20,19,1542,17.1,1,0,1,1,0,0,7,1,0.06,0.0,0.06,0.06,0.06
82,Stephen Eze,ngNGA,DF,Jamshedpur,30.0,1994.0,21,19,1637,18.2,3,0,3,3,0,0,7,1,0.16,0.0,0.16,0.16,0.16
83,Mourtada Fall,snSEN,DF,Odisha,36.0,1987.0,21,20,1842,20.5,5,1,6,5,0,0,4,1,0.24,0.05,0.29,0.24,0.29
84,Lalremsanga Fanai,inIND,"FW,MF",Mohammedan,22.0,2001.0,23,22,1761,19.6,2,0,2,1,1,1,1,0,0.1,0.0,0.1,0.05,0.05
85,Lalremtluanga Fanai,inIND,MF,Bengaluru,19.0,2004.0,21,6,854,9.5,0,0,0,0,0,0,1,0,0.0,0.0,0.0,0.0,0.0
86,Danish Farooq,inIND,MF,Kerala Blasters,28.0,1996.0,20,13,1212,13.5,1,0,1,1,0,0,4,0,0.07,0.0,0.07,0.07,0.07
87,Brandon Fernandes,inIND,MF,Mumbai City,29.0,1994.0,22,18,1526,17.0,0,2,2,0,0,0,3,0,0.0,0.12,0.12,0.0,0.12
88,Brison Fernandes,inIND,MF,Goa,23.0,2001.0,22,15,1261,14.0,7,2,9,7,0,0,1,0,0.5,0.14,0.64,0.5,0.64
89,Nora Fernandes,inIND,GK,Kerala Blasters,26.0,1998.0,3,3,270,3.0,0,0,0,0,0,0,0,0,0.0,0.0,0.0,0.0,0.0
90,Raynier Fernandes,inIND,MF,Odisha,,,16,6,584,6.5,0,0,0,0,0,0,1,0,0.0,0.0,0.0,0.0,0.0
91,Seriton Fernandes,inIND,DF,Goa,31.0,1992.0,6,1,181,2.0,0,0,0,0,0,0,0,0,0.0,0.0,0.0,0.0,0.0
92,França,brBRA,FW,Mohammedan,29.0,1995.0,24,22,1874,20.8,1,1,2,1,0,1,4,0,0.05,0.05,0.1,0.05,0.1
93,Narender Gahlot,inIND,DF,Odisha,23.0,2001.0,4,1,94,1.0,0,0,0,0,0,0,0,0,0.0,0.0,0.0,0.0,0.0
94,Saviour Gama,inIND,DF,Odisha,27.0,1997.0,19,7,883,9.8,0,1,1,0,0,0,5,0,0.0,0.1,0.1,0.0,0.1
95,Petros Giakoumakis,grGRE,FW,Punjab,32.0,1992.0,10,5,525,5.8,1,2,3,1,0,0,0,0,0.17,0.34,0.51,0.17,0.51
96,Cy Goddard,jpJPN,"MF,FW",Hyderabad FC,27.0,1997.0,21,16,1419,15.8,1,2,3,1,0,0,1,0,0.06,0.13,0.19,0.06,0.19
97,Albino Gomes,inIND,GK,Jamshedpur,30.0,1994.0,24,24,2142,23.8,0,0,0,0,0,0,2,0,0.0,0.0,0.0,0.0,0.0
98,Alexis Gómez,arARG,"MF,FW",Mohammedan,24.0,2000.0,21,20,1730,19.2,1,1,2,0,1,1,5,0,0.05,0.05,0.1,0.0,0.05
99,Amrit Gope,inIND,GK,Jamshedpur,24.0,1999.0,2,0,18,0.2,0,0,0,0,0,0,0,0,0.0,0.0,0.0,0.0,0.0
100,Iker Guarrotxena,esESP,"FW,MF",Goa,31.0,1992.0,19,13,1232,13.7,7,3,10,7,0,0,1,0,0.51,0.22,0.73,0.51,0.73
101,Guillermo,esESP,"FW,MF",NorthEast Utd,31.0,1993.0,18,12,1091,12.1,5,0,5,5,0,0,0,0,0.41,0.0,0.41,0.41,0.41
102,Jay Gupta,inIND,DF,Goa,22.0,2001.0,16,6,647,7.2,0,0,0,0,0,0,3,0,0.0,0.0,0.0,0.0,0.0
103,Pronay Halder,inIND,"DF,MF",Jamshedpur,31.0,1993.0,7,2,199,2.2,0,0,0,0,0,0,2,0,0.0,0.0,0.0,0.0,0.0
104,Robi Hansda,inIND,FW,Mohammedan,25.0,1999.0,5,1,155,1.7,1,1,2,1,0,0,0,0,0.58,0.58,1.16,0.58,1.16
105,Javi Hernández,esESP,"MF,FW",Jamshedpur,35.0,1989.0,23,23,1973,21.9,7,3,10,4,3,3,4,0,0.32,0.14,0.46,0.18,0.32
106,Borja Herrera,esESP,MF,Goa,31.0,1993.0,20,15,1321,14.7,5,4,9,5,0,0,4,1,0.34,0.27,0.61,0.34,0.61
107,Lalrinliana Hnamte,inIND,MF,Chennaiyin,21.0,2003.0,21,18,1601,17.8,0,1,1,0,0,0,2,0,0.0,0.06,0.06,0.0,0.06
108,Sajad Hussain Parray,inIND,DF,Mohammedan,21.0,2003.0,5,3,263,2.9,0,0,0,0,0,0,1,0,0.0,0.0,0.0,0.0,0.0
109,Mohammed Irshad,inIND,MF,Mohammedan,29.0,1994.0,17,12,1036,11.5,1,0,1,1,0,0,6,1,0.09,0.0,0.09,0.09,0.09
110,Ahmed Jahouh,maMAR,MF,Odisha,36.0,1988.0,16,15,1340,14.9,1,4,5,0,1,1,9,3,0.07,0.27,0.34,0.0,0.27
111,Mohammed Jassim,inIND,DF,Mohammedan,27.0,1996.0,2,1,86,1.0,0,0,0,0,0,0,1,0,0.0,0.0,0.0,0.0,0.0
112,Sandesh Jhingan,inIND,DF,Goa,31.0,1993.0,18,17,1560,17.3,1,1,2,1,0,0,1,0,0.06,0.06,0.12,0.06,0.12
113,Jesús Jiménez,esESP,FW,Kerala Blasters,30.0,1993.0,18,15,1340,14.9,11,1,12,9,2,2,0,0,0.74,0.07,0.81,0.6,0.67
114,Ricky John Shabong,inIND,MF,Punjab,21.0,2002.0,24,17,1691,18.8,1,2,3,1,0,0,3,0,0.05,0.11,0.16,0.05,0.16
115,Lalbiakhlua Jongte,inIND,GK,Hyderabad FC,22.0,2002.0,7,7,630,7.0,0,0,0,0,0,0,1,0,0.0,0.0,0.0,0.0,0.0
116,Wilmar Jordán,coCOL,FW,Chennaiyin,33.0,1990.0,22,18,1487,16.5,10,1,11,9,1,1,1,1,0.61,0.06,0.67,0.54,0.61
117,Soyal Joshy,inIND,DF,Hyderabad FC,22.0,2002.0,5,1,120,1.3,0,0,0,0,0,0,0,0,0.0,0.0,0.0,0.0,0.0
118,Aleksandar Jovanović,auAUS,DF,Bengaluru,34.0,1989.0,20,13,1040,11.6,0,0,0,0,0,0,1,1,0.0,0.0,0.0,0.0,0.0
119,Elson José Dias Júnior,brBRA,"MF,DF",Chennaiyin,33.0,1991.0,21,14,1260,14.0,0,0,0,0,0,0,2,0,0.0,0.0,0.0,0.0,0.0
120,Abdul Rabeeh A K,inIND,"MF,DF",Hyderabad FC,23.0,2001.0,24,23,2052,22.8,0,0,0,0,0,0,3,0,0.0,0.0,0.0,0.0,0.0
121,Vishal Kaith,inIND,GK,Mohun Bagan,28.0,1996.0,23,23,2070,23.0,0,0,0,0,0,0,2,0,0.0,0.0,0.0,0.0,0.0
122,Nikos Karelis,grGRE,FW,Mumbai City,32.0,1992.0,18,18,1392,15.5,10,2,12,8,2,2,1,0,0.65,0.13,0.78,0.52,0.65
123,Laxmikant Kattimani,inIND,GK,Goa,35.0,1989.0,6,6,540,6.0,0,0,0,0,0,0,1,0,0.0,0.0,0.0,0.0,0.0
124,Imran Khan,inIND,MF,Jamshedpur,29.0,1994.0,24,22,1578,17.5,0,3,3,0,0,0,1,0,0.0,0.17,0.17,0.0,0.17
125,Manglenthang Kipgen,inIND,MF,Punjab,19.0,2005.0,5,0,71,0.8,0,0,0,0,0,0,0,0,0.0,0.0,0.0,0.0,0.0
126,Pritam Kotal,inIND,DF,Kerala Blasters,30.0,1993.0,14,11,1014,11.3,0,1,1,0,0,0,2,0,0.0,0.09,0.09,0.0,0.09
127,Pritam Kotal,inIND,DF,Chennaiyin,30.0,1993.0,7,7,585,6.5,0,0,0,0,0,0,0,0,0.0,0.0,0.0,0.0,0.0
128,Rahul KP,inIND,"MF,FW",Odisha,24.0,2000.0,8,8,623,6.9,1,1,2,1,0,0,1,1,0.14,0.14,0.29,0.14,0.29
129,Rahul KP,inIND,"MF,FW",Kerala Blasters,24.0,2000.0,11,6,515,5.7,1,0,1,1,0,0,1,0,0.17,0.0,0.17,0.17,0.17
130,Roy Krishna,fjFIJ,"FW,MF",Odisha,36.0,1987.0,9,6,524,5.8,3,0,3,3,0,0,0,0,0.52,0.0,0.52,0.52,0.52
131,Thaer Krouma,sySYR,"DF,MF",Mumbai City,34.0,1990.0,17,9,890,9.9,2,1,3,2,0,0,1,0,0.2,0.1,0.3,0.2,0.3
132,Nanda Kumar,inIND,"MF,FW",East Bengal,28.0,1995.0,18,14,1165,12.9,0,1,1,0,0,0,5,1,0.0,0.08,0.08,0.0,0.08
133,Nishu Kumar,inIND,"DF,MF",East Bengal,26.0,1997.0,13,8,849,9.4,0,0,0,0,0,0,1,0,0.0,0.0,0.0,0.0,0.0
134,Ravi Kumar,inIND,GK,Punjab,31.0,1993.0,15,15,1350,15.0,0,0,0,0,0,0,1,0,0.0,0.0,0.0,0.0,0.0
135,Rohit Kumar,inIND,MF,Odisha,27.0,1997.0,18,6,593,6.6,0,0,0,0,0,0,2,0,0.0,0.0,0.0,0.0,0.0
136,Som Kumar,inIND,GK,Kerala Blasters,19.0,2005.0,4,4,360,4.0,0,0,0,0,0,0,1,0,0.0,0.0,0.0,0.0,0.0
137,Ashique Kuruniyan,inIND,"DF,MF",Mohun Bagan,27.0,1997.0,15,2,358,4.0,0,0,0,0,0,0,2,0,0.0,0.0,0.0,0.0,0.0
138,Phurba Lachenpa,inIND,GK,Mumbai City,26.0,1998.0,19,18,1654,18.4,0,0,0,0,0,0,1,0,0.0,0.0,0.0,0.0,0.0
139,Dušan Lagator,meMNE,DF,Kerala Blasters,30.0,1994.0,7,4,387,4.3,1,1,2,1,0,0,2,0,0.23,0.23,0.47,0.23,0.47
140,Provat Lakra,inIND,DF,East Bengal,26.0,1997.0,13,7,665,7.4,0,1,1,0,0,0,5,1,0.0,0.14,0.14,0.0,0.14
141,Lalchungnunga,inIND,DF,East Bengal,23.0,2000.0,18,16,1468,16.3,2,0,2,2,0,0,10,3,0.12,0.0,0.12,0.12,0.12
142,Laldanmawia,inIND,DF,Hyderabad FC,20.0,2004.0,2,0,13,0.1,0,0,0,0,0,0,0,0,0.0,0.0,0.0,0.0,0.0
143,Jeremy Laldinpuia,inIND,MF,Mohammedan,24.0,2000.0,2,0,3,0.0,0,0,0,0,0,0,0,0,0.0,0.0,0.0,0.0,0.0
144,David Lalhlansanga,inIND,"FW,MF",East Bengal,22.0,2001.0,17,6,574,6.4,4,0,4,4,0,0,0,0,0.63,0.0,0.63,0.63,0.63
145,Daniel Lalhlimpuia,inIND,FW,Mumbai City,26.0,1997.0,4,0,6,0.1,0,0,0,0,0,0,0,0,0.0,0.0,0.0,0.0,0.0
146,Freddy Lallawmawma,inIND,MF,Kerala Blasters,22.0,2002.0,17,11,1092,12.1,1,0,1,1,0,0,4,0,0.08,0.0,0.08,0.08,0.08
147,K Lalrinfela,inIND,MF,Mohammedan,24.0,2000.0,11,7,696,7.7,0,0,0,0,0,0,1,0,0.0,0.0,0.0,0.0,0.0
148,Jerry Lalrinzuala,inIND,DF,Odisha,26.0,1998.0,19,17,1240,13.8,0,1,1,0,0,0,2,0,0.0,0.07,0.07,0.0,0.07
149,K Lalthathanga,inIND,MF,Odisha,26.0,1998.0,22,22,1793,19.9,1,0,1,1,0,0,5,0,0.05,0.0,0.05,0.05,0.05
150,Khaiminthang Lhungdim,inIND,"DF,MF",Punjab,24.0,2000.0,17,17,1479,16.4,1,2,3,1,0,0,6,2,0.06,0.12,0.18,0.06,0.18
151,Macarton Louis Nickson,inIND,MF,NorthEast Utd,20.0,2004.0,20,15,1313,14.6,2,1,3,2,0,0,5,0,0.14,0.07,0.21,0.14,0.21
152,Adrián Luna,uyURU,MF,Kerala Blasters,32.0,1992.0,22,20,1824,20.3,0,6,6,0,0,0,4,0,0.0,0.3,0.3,0.0,0.3
153,Jithin M.S.,inIND,MF,NorthEast Utd,26.0,1998.0,22,19,1538,17.1,2,5,7,2,0,0,4,0,0.12,0.29,0.41,0.12,0.41
154,Jamie Maclaren,auAUS,FW,Mohun Bagan,31.0,1993.0,22,19,1632,18.1,11,2,13,10,1,1,3,0,0.61,0.11,0.72,0.55,0.66
155,Hijazi Maher,joJOR,DF,East Bengal,26.0,1997.0,13,13,1120,12.4,2,0,2,2,0,0,3,0,0.16,0.0,0.16,0.16,0.16
156,Luka Majcen,siSVN,FW,Punjab,35.0,1989.0,20,14,1247,13.9,10,3,13,8,2,2,5,0,0.72,0.22,0.94,0.58,0.79
157,Debjit Majumder,inIND,GK,East Bengal,36.0,1988.0,4,3,273,3.0,0,0,0,0,0,0,0,0,0.0,0.0,0.0,0.0,0.0
158,Chaku Mandi,inIND,DF,East Bengal,24.0,2000.0,1,1,90,1.0,0,0,0,0,0,0,0,0,0.0,0.0,0.0,0.0,0.0
159,César Manzoki,cfCTA,FW,Mohammedan,27.0,1996.0,12,4,563,6.3,1,0,1,1,0,1,3,0,0.16,0.0,0.16,0.16,0.16
160,Jeremy Manzorro,frFRA,MF,Mumbai City,32.0,1991.0,9,5,422,4.7,0,0,0,0,0,0,2,0,0.0,0.0,0.0,0.0,0.0
161,Zothanpuia Mark,inIND,DF,East Bengal,22.0,2002.0,7,3,300,3.3,0,0,0,0,0,0,0,0,0.0,0.0,0.0,0.0,0.0
162,Diego Maurício,brBRA,FW,Odisha,33.0,1991.0,22,16,1417,15.7,9,6,15,6,3,4,1,0,0.57,0.38,0.95,0.38,0.76
163,Jerry Mawihmingthanga,inIND,"MF,FW",Odisha,27.0,1997.0,22,13,1060,11.8,5,2,7,5,0,0,3,0,0.42,0.17,0.59,0.42,0.59
164,Mayakkannan,inIND,MF,NorthEast Utd,27.0,1997.0,23,23,1992,22.1,0,1,1,0,0,0,2,0,0.0,0.05,0.05,0.0,0.05
165,Carl McHugh,ieIRL,MF,Goa,31.0,1993.0,20,19,1624,18.0,1,1,2,1,0,0,7,1,0.06,0.06,0.11,0.06,0.11
166,Ninthoinganba Meetei,inIND,FW,Punjab,23.0,2001.0,9,1,240,2.7,0,1,1,0,0,0,1,0,0.0,0.37,0.37,0.0,0.37
167,Ashutosh Mehta,inIND,DF,Jamshedpur,33.0,1991.0,12,9,774,8.6,0,0,0,0,0,0,4,0,0.0,0.0,0.0,0.0,0.0
168,Danny Meitei,inIND,MF,NorthEast Utd,16.0,2007.0,1,0,4,0.0,0,0,0,0,0,0,0,0,0.0,0.0,0.0,0.0,0.0
169,N. Meitei,inIND,DF,Punjab,30.0,1994.0,22,21,1832,20.4,0,0,0,0,0,0,4,0,0.0,0.0,0.0,0.0,0.0
170,Sukham Meitei,inIND,MF,Kerala Blasters,20.0,2004.0,3,1,60,0.7,0,0,0,0,0,0,0,0,0.0,0.0,0.0,0.0,0.0
171,Édgar Méndez,esESP,FW,Bengaluru,34.0,1990.0,22,19,1632,18.1,7,4,11,7,0,0,6,0,0.39,0.22,0.61,0.39,0.61
172,Raphaël Messi Bouli,cmCMR,FW,East Bengal,32.0,1992.0,5,4,352,3.9,2,1,3,2,0,0,2,0,0.51,0.26,0.77,0.51,0.77
173,Mirshad Michu,inIND,GK,NorthEast Utd,30.0,1994.0,1,1,90,1.0,0,0,0,0,0,0,0,0,0.0,0.0,0.0,0.0,0.0
174,Samik Mitra,inIND,GK,Chennaiyin,23.0,2000.0,7,7,630,7.0,0,0,0,0,0,0,2,0,0.0,0.0,0.0,0.0,0.0
175,Yasir Mohammad,inIND,MF,Goa,24.0,1999.0,19,12,944,10.5,2,2,4,2,0,0,1,0,0.19,0.19,0.38,0.19,0.38
176,Manoj Mohammed,inIND,DF,Hyderabad FC,25.0,1999.0,14,13,1157,12.9,2,2,4,2,0,0,3,0,0.16,0.16,0.31,0.16,0.31
177,Vibin Mohanan,inIND,MF,Kerala Blasters,21.0,2003.0,20,16,1433,15.9,0,1,1,0,0,0,3,0,0.0,0.06,0.06,0.0,0.06
178,Monirul Molla,inIND,FW,Bengaluru,19.0,2005.0,1,0,3,0.0,0,0,0,0,0,0,0,0,0.0,0.0,0.0,0.0,0.0
179,Hira Mondal,inIND,MF,East Bengal,27.0,1996.0,1,1,74,0.8,0,0,0,0,0,0,0,0,0.0,0.0,0.0,0.0,0.0
180,Filip Mrzljak,hrCRO,MF,Punjab,31.0,1993.0,17,13,1030,11.4,4,2,6,4,0,0,0,0,0.35,0.17,0.52,0.35,0.52
181,Wungngayam Muirang,inIND,DF,Jamshedpur,25.0,1999.0,6,3,359,4.0,0,0,0,0,0,0,1,0,0.0,0.0,0.0,0.0,0.0
182,Ankit Mukherjee,inIND,DF,Chennaiyin,28.0,1996.0,10,7,638,7.1,0,0,0,0,0,0,0,0,0.0,0.0,0.0,0.0,0.0
183,Devendra Murgaokar,inIND,"MF,FW",Hyderabad FC,25.0,1998.0,19,4,563,6.3,1,0,1,1,0,0,2,0,0.16,0.0,0.16,0.16,0.16
184,Samir Murmu,inIND,FW,Jamshedpur,22.0,2001.0,1,0,45,0.5,0,0,0,0,0,0,0,0,0.0,0.0,0.0,0.0,0.0
185,Jordan Murray,auAUS,"FW,MF",Jamshedpur,28.0,1995.0,20,14,1278,14.2,6,0,6,5,1,1,3,0,0.42,0.0,0.42,0.35,0.35
186,Narendra Naik,inIND,MF,Odisha,19.0,2005.0,1,0,14,0.2,0,0,0,0,0,0,0,0,0.0,0.0,0.0,0.0,0.0
187,Anandhu Nambrath Sundran,Unavailable,MF,East Bengal,,,1,0,16,0.2,0,0,0,0,0,0,0,0,0.0,0.0,0.0,0.0,0.0
188,Kiyan Nassiri,inIND,MF,Chennaiyin,23.0,2000.0,14,6,487,5.4,0,1,1,0,0,0,3,0,0.0,0.18,0.18,0.0,0.18
189,Mohammad Nawaz,inIND,GK,Chennaiyin,24.0,2000.0,16,16,1440,16.0,0,0,0,0,0,0,1,0,0.0,0.0,0.0,0.0,0.0
190,Franklin Nazareth,inIND,MF,Mumbai City,20.0,2004.0,5,0,82,0.9,0,0,0,0,0,0,1,0,0.0,0.0,0.0,0.0,0.0
191,Muhammed Nemil,inIND,MF,Goa,22.0,2002.0,9,0,129,1.4,0,0,0,0,0,0,1,0,0.0,0.0,0.0,0.0,0.0
192,Yoell van Nieff,nlNED,MF,Mumbai City,31.0,1993.0,22,21,1853,20.6,2,3,5,2,0,0,6,0,0.1,0.15,0.24,0.1,0.24
193,Gyamar Nikum,inIND,MF,Mumbai City,19.0,2004.0,2,0,18,0.2,0,0,0,0,0,0,1,0,0.0,0.0,0.0,0.0,0.0
194,Alberto Noguera,esESP,MF,Bengaluru,34.0,1989.0,21,19,1613,17.9,5,3,8,5,0,0,3,0,0.28,0.17,0.45,0.28,0.45
195,Ivan Novoselec,hrCRO,DF,Punjab,29.0,1995.0,20,19,1613,17.9,1,0,1,1,0,0,5,0,0.06,0.0,0.06,0.06,0.06
196,Florent Ogier,frFRA,DF,Mohammedan,35.0,1989.0,18,17,1551,17.2,0,0,0,0,0,0,5,0,0.0,0.0,0.0,0.0,0.0
197,Odei Onaindia,esESP,DF,Goa,34.0,1989.0,23,23,1996,22.2,0,0,0,0,0,0,5,0,0.0,0.0,0.0,0.0,0.0
198,Bekey Oram,inIND,"MF,DF",NorthEast Utd,20.0,2003.0,7,2,241,2.7,0,0,0,0,0,0,1,0,0.0,0.0,0.0,0.0,0.0
199,Jorge Ortiz Mendoza,esESP,FW,Mumbai City,32.0,1992.0,8,3,388,4.3,0,0,0,0,0,0,0,0,0.0,0.0,0.0,0.0,0.0
200,Noufal P.N,inIND,MF,Mumbai City,23.0,2000.0,14,0,332,3.7,0,1,1,0,0,0,0,0,0.0,0.27,0.27,0.0,0.27
201,Abhijith PA,inIND,MF,Hyderabad FC,21.0,2003.0,12,3,271,3.0,0,0,0,0,0,0,0,0,0.0,0.0,0.0,0.0,0.0
202,Ankith Padmanabhan,inIND,FW,NorthEast Utd,22.0,2001.0,4,0,33,0.4,0,0,0,0,0,0,0,0,0.0,0.0,0.0,0.0,0.0
203,Ishan Pandita,inIND,FW,Kerala Blasters,26.0,1998.0,3,1,70,0.8,0,0,0,0,0,0,0,0,0.0,0.0,0.0,0.0,0.0
204,Sahil Panwar,inIND,DF,Mumbai City,24.0,1999.0,18,8,740,8.2,0,0,0,0,0,0,3,0,0.0,0.0,0.0,0.0,0.0
205,Allan Paulista,brBRA,FW,Hyderabad FC,25.0,1999.0,23,17,1467,16.3,4,1,5,4,0,0,1,0,0.25,0.06,0.31,0.25,0.31
206,Laldinpuia PC,inIND,DF,Chennaiyin,27.0,1996.0,20,18,1627,18.1,1,0,1,1,0,0,7,1,0.06,0.0,0.06,0.06,0.06
207,Jorge Pereyra Díaz,arARG,FW,Bengaluru,33.0,1990.0,13,8,784,8.7,2,1,3,2,0,0,2,0,0.23,0.11,0.34,0.23,0.34
208,Dimitri Petratos,auAUS,"MF,FW",Mohun Bagan,31.0,1992.0,21,12,1092,12.1,4,3,7,2,2,2,1,0,0.33,0.25,0.58,0.16,0.41
209,Nikhil Poojari,inIND,DF,Bengaluru,28.0,1995.0,16,15,1284,14.3,0,1,1,0,0,0,2,0,0.0,0.07,0.07,0.0,0.07
210,Sahil Poonia,inIND,GK,Bengaluru,18.0,2006.0,1,1,90,1.0,0,0,0,0,0,0,0,0,0.0,0.0,0.0,0.0,0.0
211,Nikhil Prabhu,inIND,MF,Punjab,23.0,2000.0,21,21,1764,19.6,0,0,0,0,0,0,6,0,0.0,0.0,0.0,0.0,0.0
212,Ashish Pradhan,inIND,MF,Punjab,25.0,1999.0,11,5,424,4.7,0,0,0,0,0,0,1,0,0.0,0.0,0.0,0.0,0.0
213,Kwame Preprah,ghGHA,FW,Kerala Blasters,23.0,2000.0,23,13,1206,13.4,6,0,6,6,0,0,5,1,0.45,0.0,0.45,0.45,0.45
214,Vishnu PV,inIND,MF,East Bengal,22.0,2001.0,22,16,1453,16.1,4,3,7,4,0,0,3,0,0.25,0.19,0.43,0.25,0.43
215,Mirjalol Qosimov,uzUZB,MF,Mohammedan,28.0,1995.0,18,18,1552,17.2,2,1,3,1,1,2,9,1,0.12,0.06,0.17,0.06,0.12
216,Lalthanmawia R,inIND,MF,Kerala Blasters,22.0,2002.0,11,3,344,3.8,0,0,0,0,0,0,1,0,0.0,0.0,0.0,0.0,0.0
217,Muhammed Rafi,inIND,DF,Hyderabad FC,23.0,2001.0,19,18,1582,17.6,1,2,3,1,0,0,4,0,0.06,0.11,0.17,0.06,0.17
218,Mobashir Rahman,inIND,MF,Jamshedpur,26.0,1998.0,16,3,615,6.8,0,1,1,0,0,0,3,0,0.0,0.15,0.15,0.0,0.15
219,Asish Rai,inIND,DF,Mohun Bagan,25.0,1999.0,21,19,1677,18.6,0,3,3,0,0,0,5,0,0.0,0.16,0.16,0.0,0.16
220,Vinit Rai,inIND,MF,Punjab,26.0,1997.0,11,8,563,6.3,0,0,0,0,0,0,2,0,0.0,0.0,0.0,0.0,0.0
221,Likmabam Rakesh,inIND,DF,Punjab,21.0,2003.0,5,0,111,1.2,0,0,0,0,0,0,0,0,0.0,0.0,0.0,0.0,0.0
222,Mohamad Rakip,inIND,DF,East Bengal,24.0,2000.0,15,15,1196,13.3,0,0,0,0,0,0,5,0,0.0,0.0,0.0,0.0,0.0
223,Hmingthanmawia Ralte,inIND,DF,Mumbai City,24.0,2000.0,23,23,1994,22.2,0,0,0,0,0,0,5,0,0.0,0.0,0.0,0.0,0.0
224,Lalthuammawia Ralte,inIND,GK,Bengaluru,31.0,1992.0,2,2,179,2.0,0,0,0,0,0,0,0,0,0.0,0.0,0.0,0.0,0.0
225,Zodingliana Ralte,inIND,DF,Mohammedan,29.0,1995.0,18,18,1597,17.7,0,1,1,0,0,0,4,0,0.0,0.06,0.06,0.0,0.06
226,Ramhlunchhunga,byBLR,MF,Hyderabad FC,23.0,2001.0,23,21,1698,18.9,2,3,5,2,0,0,1,0,0.11,0.16,0.27,0.11,0.27
227,Amey Ranawade,inIND,DF,Odisha,26.0,1998.0,22,18,1646,18.3,0,0,0,0,0,0,2,0,0.0,0.0,0.0,0.0,0.0
228,Pramveer Ranbir,inIND,DF,Punjab,17.0,2007.0,10,6,586,6.5,0,0,0,0,0,0,3,0,0.0,0.0,0.0,0.0,0.0
229,Jayesh Rane,inIND,MF,Mumbai City,32.0,1991.0,20,9,877,9.7,0,0,0,0,0,0,4,0,0.0,0.0,0.0,0.0,0.0
230,Mandar Rao Dessai,inIND,DF,Chennaiyin,32.0,1992.0,11,6,649,7.2,0,0,0,0,0,0,2,0,0.0,0.0,0.0,0.0,0.0
231,Sumit Rathi,inIND,DF,NorthEast Utd,22.0,2001.0,1,1,45,0.5,0,0,0,0,0,0,0,0,0.0,0.0,0.0,0.0,0.0
232,Hamza Regragui,maMAR,"DF,MF",NorthEast Utd,27.0,1997.0,11,3,314,3.5,0,1,1,0,0,0,1,0,0.0,0.29,0.29,0.0,0.29
233,Laldinliana Renthlei,inIND,DF,Chennaiyin,25.0,1998.0,16,13,1200,13.3,0,1,1,0,0,0,3,1,0.0,0.07,0.07,0.0,0.07
234,Rochharzela,inIND,MF,Mohammedan,26.0,1998.0,1,0,5,0.1,0,0,0,0,0,0,0,0,0.0,0.0,0.0,0.0,0.0
235,Lenny Rodrigues,inIND,MF,Hyderabad FC,37.0,1987.0,11,6,548,6.1,0,0,0,0,0,0,1,0,0.0,0.0,0.0,0.0,0.0
236,Nathan Rodrigues,inIND,DF,Mumbai City,20.0,2004.0,22,16,1387,15.4,3,1,4,3,0,0,0,0,0.19,0.06,0.26,0.19,0.26
237,Muhammed Roshal PP,inIND,MF,East Bengal,21.0,2003.0,1,0,4,0.0,0,0,0,0,0,0,0,0,0.0,0.0,0.0,0.0,0.0
238,Bhaskar Roy,inIND,GK,Mohammedan,31.0,1993.0,7,7,630,7.0,0,0,0,0,0,0,0,0,0.0,0.0,0.0,0.0,0.0
239,Hormipam Ruivah,inIND,DF,Kerala Blasters,23.0,2001.0,18,13,1189,13.2,0,0,0,0,0,0,8,0,0.0,0.0,0.0,0.0,0.0
240,Noah Saadaoui,maMAR,"MF,FW",Kerala Blasters,30.0,1993.0,19,15,1437,16.0,7,5,12,6,1,1,2,0,0.44,0.31,0.75,0.38,0.69
241,Armando Sadiku,alALB,FW,Goa,33.0,1991.0,22,13,1261,14.0,9,2,11,6,3,3,0,1,0.64,0.14,0.79,0.43,0.57
242,Muhammed Saheef,inIND,DF,Kerala Blasters,21.0,2003.0,3,2,183,2.0,0,0,0,0,0,0,1,0,0.0,0.0,0.0,0.0,0.0
243,Lalchhanhima Sailo,inIND,MF,Hyderabad FC,21.0,2003.0,1,0,7,0.1,0,0,0,0,0,0,0,0,0.0,0.0,0.0,0.0,0.0
244,Alex Saji,inIND,DF,Hyderabad FC,24.0,2000.0,21,21,1870,20.8,0,0,0,0,0,0,8,1,0.0,0.0,0.0,0.0,0.0
245,Siva Sakthi,inIND,"FW,MF",Bengaluru,23.0,2001.0,12,2,295,3.3,0,0,0,0,0,0,1,0,0.0,0.0,0.0,0.0,0.0
246,Mohammed Salah,inIND,"DF,FW",Bengaluru,30.0,1994.0,12,5,429,4.8,0,2,2,0,0,0,3,0,0.0,0.42,0.42,0.0,0.42
247,Buanthanglun Samte,inIND,DF,NorthEast Utd,24.0,1999.0,20,20,1717,19.1,0,3,3,0,0,0,3,0,0.0,0.16,0.16,0.0,0.16
248,Mohammed Sanan,inIND,MF,Jamshedpur,20.0,2004.0,24,19,1536,17.1,3,1,4,3,0,0,2,0,0.18,0.06,0.23,0.18,0.23
249,Aakash Sangwan,inIND,DF,Goa,28.0,1995.0,21,19,1691,18.8,1,2,3,1,0,0,6,0,0.05,0.11,0.16,0.05,0.16
250,Stefan Šapić,rsSRB,DF,Hyderabad FC,27.0,1997.0,22,22,1940,21.6,2,0,2,2,0,0,3,0,0.09,0.0,0.09,0.09,0.09
251,Shubham Sarangi,inIND,DF,Jamshedpur,24.0,2000.0,12,6,532,5.9,0,1,1,0,0,0,3,0,0.0,0.17,0.17,0.0,0.17
252,Muheet Shabir,inIND,GK,Punjab,22.0,2001.0,9,9,810,9.0,0,0,0,0,0,0,0,0,0.0,0.0,0.0,0.0,0.0
253,Harsh Shailesh Patre,inIND,MF,Bengaluru,21.0,2003.0,4,3,201,2.2,0,0,0,0,0,0,2,0,0.0,0.0,0.0,0.0,0.0
254,Singamayum Shami,inIND,FW,Punjab,17.0,2007.0,5,0,49,0.5,1,0,1,1,0,0,0,0,1.84,0.0,1.84,1.84,1.84
255,Hitesh Sharma,inIND,MF,Mumbai City,26.0,1997.0,2,0,18,0.2,0,0,0,0,0,0,0,0,0.0,0.0,0.0,0.0,0.0
256,Lara Sharma,inIND,GK,Goa,24.0,1999.0,1,1,90,1.0,0,0,0,0,0,0,0,0,0.0,0.0,0.0,0.0,0.0
257,Connor Shields,sctSCO,"MF,FW",Chennaiyin,27.0,1997.0,20,20,1758,19.5,1,8,9,1,0,0,4,1,0.05,0.41,0.46,0.05,0.46
258,Chingangbam Shivaldo,inIND,FW,Bengaluru,20.0,2004.0,3,1,101,1.1,0,0,0,0,0,0,0,0,0.0,0.0,0.0,0.0,0.0
259,Parag Shrivas,inIND,DF,Hyderabad FC,27.0,1997.0,16,9,775,8.6,1,2,3,1,0,0,5,1,0.12,0.23,0.35,0.12,0.35
260,Cleiton Silva,brBRA,"FW,MF",East Bengal,37.0,1987.0,18,11,1112,12.4,0,2,2,0,0,0,2,0,0.0,0.16,0.16,0.0,0.16
261,Abhishek Singh,inIND,"DF,MF",Punjab,19.0,2005.0,22,22,1955,21.7,0,0,0,0,0,0,3,0,0.0,0.0,0.0,0.0,0.0
262,Adison Singh,inIND,FW,Mohammedan,20.0,2004.0,7,1,169,1.9,0,0,0,0,0,0,0,0,0.0,0.0,0.0,0.0,0.0
263,Amarjit Singh,inIND,MF,Mohammedan,23.0,2001.0,16,12,933,10.4,0,0,0,0,0,0,3,0,0.0,0.0,0.0,0.0,0.0
264,Amrinder Singh,inIND,GK,Odisha,31.0,1993.0,24,24,2160,24.0,0,0,0,0,0,0,3,0,0.0,0.0,0.0,0.0,0.0
265,Aphaoba Singh,inIND,FW,Odisha,20.0,2004.0,2,0,5,0.1,0,0,0,0,0,0,0,0,0.0,0.0,0.0,0.0,0.0
266,Arshdeep Singh,inIND,GK,Hyderabad FC,26.0,1997.0,16,16,1440,16.0,0,0,0,0,0,0,0,0,0.0,0.0,0.0,0.0,0.0
267,Bipin Singh,inIND,"FW,MF",Mumbai City,29.0,1995.0,20,13,1119,12.4,1,0,1,1,0,0,0,0,0.08,0.0,0.08,0.08,0.08
268,Boris Singh,inIND,"DF,MF",Goa,24.0,2000.0,23,23,2009,22.3,1,1,2,1,0,0,5,0,0.04,0.04,0.09,0.04,0.09
269,Dheeraj Singh,inIND,GK,Mohun Bagan,24.0,2000.0,1,1,90,1.0,0,0,0,0,0,0,0,0,0.0,0.0,0.0,0.0,0.0
270,Gurkirat Singh,inIND,DF,Chennaiyin,21.0,2003.0,12,0,179,2.0,0,0,0,0,0,0,0,0,0.0,0.0,0.0,0.0,0.0
271,Gurmeet Singh,inIND,GK,NorthEast Utd,24.0,1999.0,23,23,2070,23.0,0,0,0,0,0,0,2,0,0.0,0.0,0.0,0.0,0.0
272,Gursimrat Singh,inIND,DF,East Bengal,26.0,1997.0,1,0,9,0.1,0,0,0,0,0,0,0,0,0.0,0.0,0.0,0.0,0.0
273,Jeakson Singh,inIND,MF,East Bengal,23.0,2001.0,18,12,1145,12.7,2,0,2,2,0,0,6,1,0.16,0.0,0.16,0.16,0.16
274,Jitendra Singh,inIND,MF,Chennaiyin,23.0,2001.0,14,5,498,5.5,0,0,0,0,0,0,1,0,0.0,0.0,0.0,0.0,0.0
275,Jiteshwor Singh,inIND,MF,Chennaiyin,22.0,2001.0,9,4,413,4.6,0,0,0,0,0,0,2,0,0.0,0.0,0.0,0.0,0.0
276,Kamaljit Singh,inIND,GK,Kerala Blasters,28.0,1995.0,1,1,90,1.0,0,0,0,0,0,0,0,0,0.0,0.0,0.0,0.0,0.0
277,Karanjit Singh,inIND,GK,Hyderabad FC,38.0,1986.0,1,1,90,1.0,0,0,0,0,0,0,0,0,0.0,0.0,0.0,0.0,0.0
278,Kelvin Singh,inIND,FW,Bengaluru,18.0,2005.0,1,0,1,0.0,0,0,0,0,0,0,0,0,0.0,0.0,0.0,0.0,0.0
279,Konsham Singh,inIND,DF,Bengaluru,27.0,1996.0,20,15,1330,14.8,0,1,1,0,0,0,5,1,0.0,0.07,0.07,0.0,0.07
280,Korou Singh,inIND,MF,Kerala Blasters,17.0,2006.0,17,15,1249,13.9,2,4,6,2,0,0,1,0,0.14,0.29,0.43,0.14,0.43
281,Mahesh Singh,inIND,"MF,FW",East Bengal,25.0,1999.0,20,16,1280,14.2,2,1,3,2,0,0,4,1,0.14,0.07,0.21,0.14,0.21
282,Maheson Singh,inIND,MF,Chennaiyin,19.0,2004.0,1,0,1,0.0,0,0,0,0,0,0,0,0,0.0,0.0,0.0,0.0,0.0
283,Manvir Singh,inIND,FW,Mohammedan,23.0,2001.0,10,5,510,5.7,1,0,1,1,0,0,2,0,0.18,0.0,0.18,0.18,0.18
284,Manvir Singh,inIND,MF,Mohun Bagan,28.0,1995.0,23,21,1794,19.9,5,4,9,5,0,0,2,0,0.25,0.2,0.45,0.25,0.45
285,Manvir Singh,inIND,FW,Jamshedpur,23.0,2001.0,1,0,5,0.1,0,0,0,0,0,0,0,0,0.0,0.0,0.0,0.0,0.0
286,Mehtab Singh,inIND,DF,Mumbai City,26.0,1998.0,22,22,1980,22.0,1,0,1,1,0,0,2,0,0.05,0.0,0.05,0.05,0.05
287,Naocha Singh,inIND,DF,Kerala Blasters,24.0,1999.0,22,22,1980,22.0,0,2,2,0,0,0,6,0,0.0,0.09,0.09,0.0,0.09
288,Ngouba Singh,inIND,MF,NorthEast Utd,29.0,1995.0,4,2,188,2.1,0,0,0,0,0,0,0,0,0.0,0.0,0.0,0.0,0.0
289,Prabhsukhan Singh,inIND,GK,East Bengal,23.0,2001.0,21,21,1887,21.0,0,0,0,0,0,0,2,0,0.0,0.0,0.0,0.0,0.0
290,Roshan Singh,inIND,DF,Bengaluru,25.0,1999.0,23,23,2062,22.9,1,3,4,1,0,0,3,0,0.04,0.13,0.17,0.04,0.17
291,Sanatomba Singh,inIND,DF,Goa,18.0,2006.0,2,1,62,0.7,0,0,0,0,0,0,0,0,0.0,0.0,0.0,0.0,0.0
292,Sandeep Singh,inIND,"DF,MF",Kerala Blasters,29.0,1995.0,20,17,1405,15.6,0,0,0,0,0,0,0,0,0.0,0.0,0.0,0.0,0.0
293,Gurpreet Singh Sandhu,inIND,GK,Bengaluru,32.0,1992.0,21,20,1801,20.0,0,0,0,0,0,0,3,0,0.0,0.0,0.0,0.0,0.0
294,Suresh Singh,inIND,MF,Bengaluru,23.0,2000.0,21,20,1578,17.5,1,1,2,1,0,0,1,0,0.06,0.06,0.11,0.06,0.11
295,Thoi Singh,inIND,"MF,FW",NorthEast Utd,20.0,2004.0,12,4,442,4.9,0,2,2,0,0,0,0,0,0.0,0.41,0.41,0.0,0.41
296,Thoiba Singh,inIND,"DF,MF",Odisha,21.0,2002.0,22,19,1804,20.0,1,2,3,1,0,0,4,0,0.05,0.1,0.15,0.05,0.15
297,Tondonba Singh,inIND,DF,NorthEast Utd,29.0,1994.0,11,4,436,4.8,0,1,1,0,0,0,0,0,0.0,0.21,0.21,0.0,0.21
298,Udanta Singh,inIND,"MF,DF",Goa,28.0,1996.0,17,13,1161,12.9,3,3,6,3,0,0,2,0,0.23,0.23,0.47,0.23,0.47
299,Vikram Singh,inIND,"FW,MF",Mumbai City,22.0,2002.0,20,17,1374,15.3,1,0,1,1,0,0,6,1,0.07,0.0,0.07,0.07,0.07
300,Siverio,esESP,FW,Jamshedpur,26.0,1997.0,23,15,1463,16.3,6,0,6,5,1,1,5,0,0.37,0.0,0.37,0.31,0.31
301,Sourav,inIND,MF,Hyderabad FC,23.0,2001.0,12,2,357,4.0,1,1,2,1,0,0,0,0,0.25,0.25,0.5,0.25,0.5
302,Sanjeev Stalin,inIND,MF,Mumbai City,23.0,2001.0,2,0,26,0.3,0,0,0,0,0,0,0,0,0.0,0.0,0.0,0.0,0.0
303,Greg Stewart,sctSCO,MF,Mohun Bagan,34.0,1990.0,18,11,1014,11.3,2,5,7,2,0,0,4,0,0.18,0.44,0.62,0.18,0.62
304,Nihal Sudeesh,inIND,"FW,MF",Punjab,23.0,2001.0,20,12,1072,11.9,1,2,3,1,0,0,3,0,0.08,0.17,0.25,0.08,0.25
305,Muhammed Suhail,inIND,"MF,FW",Punjab,17.0,2006.0,13,9,665,7.4,0,1,1,0,0,0,1,0,0.0,0.14,0.14,0.0,0.14
306,Asmir Suljić,baBIH,"MF,FW",Punjab,32.0,1991.0,23,13,1219,13.5,4,4,8,3,1,1,4,0,0.3,0.3,0.59,0.22,0.52
307,Parthib Sundar Gogoi,inIND,"MF,FW",NorthEast Utd,21.0,2003.0,21,8,729,8.1,2,3,5,2,0,0,1,0,0.25,0.37,0.62,0.25,0.62
308,Joseph Sunny,inIND,"MF,FW",Hyderabad FC,20.0,2003.0,13,9,722,8.0,2,0,2,2,0,0,2,0,0.25,0.0,0.25,0.25,0.25
309,Sachin Suresh,inIND,GK,Kerala Blasters,23.0,2001.0,16,16,1440,16.0,0,0,0,0,0,0,2,0,0.0,0.0,0.0,0.0,0.0
310,Edwin Sydney Vanspaul,inIND,"DF,MF",Chennaiyin,31.0,1992.0,1,0,12,0.1,0,0,0,0,0,0,0,0,0.0,0.0,0.0,0.0,0.0
311,Rei Tachikawa,jpJPN,MF,Jamshedpur,26.0,1998.0,24,15,1248,13.9,3,3,6,3,0,0,2,0,0.22,0.22,0.43,0.22,0.43
312,Madih Talal,frFRA,"MF,FW",East Bengal,26.0,1997.0,10,9,741,8.2,1,1,2,0,1,1,1,0,0.12,0.12,0.24,0.0,0.12
313,Nim Tamang,inIND,DF,Goa,28.0,1995.0,8,5,389,4.3,0,0,0,0,0,0,1,0,0.0,0.0,0.0,0.0,0.0
314,Deepak Tangri,inIND,MF,Mohun Bagan,25.0,1999.0,17,11,974,10.8,0,0,0,0,0,0,4,0,0.0,0.0,0.0,0.0,0.0
315,Sahil Tavora,inIND,MF,Goa,28.0,1995.0,20,10,1098,12.2,1,1,2,1,0,0,4,0,0.08,0.08,0.16,0.08,0.16
316,Anirudh Thapa,inIND,MF,Mohun Bagan,26.0,1998.0,15,8,757,8.4,0,2,2,0,0,0,2,0,0.0,0.24,0.24,0.0,0.24
317,Tiri,esESP,DF,Mumbai City,33.0,1991.0,21,21,1853,20.6,1,2,3,1,0,0,4,0,0.05,0.1,0.15,0.05,0.15
318,Hrithik Tiwari,inIND,GK,Goa,22.0,2002.0,17,17,1530,17.0,0,0,0,0,0,0,2,0,0.0,0.0,0.0,0.0,0.0
319,Jesin TK,inIND,FW,East Bengal,24.0,2000.0,4,1,110,1.2,0,0,0,0,0,0,0,0,0.0,0.0,0.0,0.0,0.0
320,Redeem Tlang,inIND,DF,NorthEast Utd,29.0,1995.0,16,12,1164,12.9,0,0,0,0,0,0,2,0,0.0,0.0,0.0,0.0,0.0
321,Jon Toral,esESP,MF,Mumbai City,29.0,1995.0,16,12,996,11.1,1,0,1,1,0,0,1,0,0.09,0.0,0.09,0.09,0.09
322,Rehenesh TP,inIND,GK,Mumbai City,31.0,1993.0,7,6,506,5.6,0,0,0,0,0,0,0,0,0.0,0.0,0.0,0.0,0.0
323,Muhammed Uvais,inIND,DF,Jamshedpur,26.0,1998.0,24,24,2159,24.0,1,1,2,1,0,0,2,0,0.04,0.04,0.08,0.04,0.08
324,Sreekuttan V.S.,inIND,FW,Jamshedpur,25.0,1998.0,1,0,18,0.2,0,0,0,0,0,0,0,0,0.0,0.0,0.0,0.0,0.0
325,Aron Vanlalrinchhana,inIND,MF,Hyderabad FC,20.0,2004.0,1,0,21,0.2,0,0,0,0,0,0,0,0,0.0,0.0,0.0,0.0,0.0
326,Isak Vanlalruatfela,inIND,"MF,FW",Odisha,23.0,2001.0,20,19,1634,18.2,3,5,8,3,0,0,1,0,0.17,0.28,0.44,0.17,0.44
327,Vanlalzuidika,inIND,DF,Mohammedan,26.0,1998.0,22,22,1911,21.2,0,0,0,0,0,0,4,0,0.0,0.0,0.0,0.0,0.0
328,Isaac Vanmalsawma,inIND,MF,Hyderabad FC,27.0,1996.0,18,14,1199,13.3,0,1,1,0,0,0,1,0,0.0,0.08,0.08,0.0,0.08
329,Soham Varshneya,inIND,MF,Bengaluru,19.0,2004.0,1,0,7,0.1,0,0,0,0,0,0,0,0,0.0,0.0,0.0,0.0,0.0
330,Vinith Venkatesh,inIND,"FW,MF",Bengaluru,19.0,2005.0,16,7,529,5.9,1,2,3,1,0,0,2,0,0.17,0.34,0.51,0.17,0.51
331,Ezequiel Vidal,arARG,"MF,FW",Punjab,28.0,1995.0,22,20,1590,17.7,7,3,10,7,0,0,6,1,0.4,0.17,0.57,0.4,0.57
332,Prachit Vishwas,inIND,MF,Goa,18.0,2006.0,1,0,9,0.1,0,0,0,0,0,0,0,0,0.0,0.0,0.0,0.0,0.0
333,Ryan Williams,auAUS,FW,Bengaluru,30.0,1993.0,17,13,1238,13.8,4,3,7,4,0,0,3,0,0.29,0.22,0.51,0.29,0.51
334,Robin Yadav,inIND,DF,NorthEast Utd,22.0,2001.0,5,1,177,2.0,0,0,0,0,0,0,2,1,0.0,0.0,0.0,0.0,0.0
335,Vishal Yadav,inIND,MF,Punjab,16.0,2008.0,1,0,11,0.1,0,0,0,0,0,0,0,0,0.0,0.0,0.0,0.0,0.0
336,Irfan Yadwad,inIND,"MF,FW",Chennaiyin,23.0,2001.0,23,23,1863,20.7,4,4,8,4,0,0,3,0,0.19,0.19,0.39,0.19,0.39
337,Bikash Yumnam,inIND,DF,Kerala Blasters,20.0,2003.0,3,0,38,0.4,0,0,0,0,0,0,1,0,0.0,0.0,0.0,0.0,0.0
338,Bikash Yumnam,inIND,DF,Chennaiyin,20.0,2003.0,10,9,764,8.5,0,0,0,0,0,0,1,0,0.0,0.0,0.0,0.0,0.0
339,Héctor Yuste,esESP,DF,East Bengal,36.0,1988.0,18,16,1352,15.0,0,1,1,0,0,0,4,0,0.0,0.07,0.07,0.0,0.07
340,Míchel Zabaco,esESP,DF,NorthEast Utd,35.0,1989.0,21,21,1890,21.0,0,1,1,0,0,0,4,0,0.0,0.05,0.05,0.0,0.05
341,Joe Zoherliana,inIND,DF,Mohammedan,25.0,1999.0,15,15,1350,15.0,0,0,0,0,0,0,1,0,0.0,0.0,0.0,0.0,0.0
342,Jeremy Zohminghlua,inIND,DF,Odisha,19.0,2004.0,1,0,9,0.1,0,0,0,0,0,0,0,0,0.0,0.0,0.0,0.0,0.0
